name,description
"Introducing Amazon Fire TV Soundbar, 2.0 speaker with DTS Virtual:X and Dolby Audio, Bluetooth connectivity","Amp up your audio - Fire TV Soundbar enhances TV audio with dual speakers for fuller sound, clearer dialogue, and deeper bass‚Äîall in a compact design.Immersive sound - Enjoy a three-dimensional virtual surround sound experience with DTS Virtual:X and more detail with Dolby Audio.Easy setup - Just plug in the included HDMI cable to the HDMI eARC/ARC port on your TV to instantly enjoy audio that's always in sync.Compact design - With a length of 24‚Äú and a height of just 2.5"", Fire TV Soundbar fits most entertainment consoles and TV stands.Stream audio with Bluetooth - Connect your phone or tablet via Bluetooth to fill the room with your favorite music.Fire TV Ready - Designed and tested to work seamlessly with Fire TV, for control of your TV and audio with one remote.Compatible with smart TVs - Fire TV Soundbar works with smart TVs, and TVs connected to streaming media players.Designed for sustainability - This device is made from 18% recycled materials (power adapter and cable not included)."
"Full Motion TV Monitor Wall Mount Bracket Articulating Arms Swivel Tilt Extension Rotation for Most 13-42 Inch LED LCD Flat Curved Screen TVs & Monitors, Max VESA 200x200mm up to 44lbs by Pipishell","TV Mount Compatibility - TVs wall mount fits SAMSUNG, SONY, LG, VIZIO, TCL, ELEMENT, SCEPTRE, HISENSE and other TV brands between 13 and 42 Inch screen sizes and up to 44 lbs, with max VESA/mounting holes spacing of 200 x 200mm. our Images and video will help you see if this TV/ monitor mount perfectly fits your device in the aspects: VESA, stud location and possible blocked inputs.Full Motion for Optimal Viewing - Our articulating arm mount tilts +9¬∞/-11¬∞ for anti-glaring, max swivels 90¬∞ display left or right according to your seats position (note: max. swivel angle depends on screen size) and rotates 360¬∞ for landscape and portrait orientation. It extends 14.59"" and retracts back to 2.7"" to save space. Makes your viewing or working feel more enjoyable!Universal Monitor Wall Mount - ideal for large computer monitors, especially monitors sizes 13, 17, 19, 21, 24, 27, 32, 34, 35 inch ultrawide monitors with VESA patterns from 75x75mm to 200x200mm. Use it as a full motion monitor wall mount to clear up desktop space and for ergonomic computer screen installation to improve your posture.Easy Installation - step-by-step instructions and all the necessary hardware is provided, single stud installation simplifies the placement of the TV/monitor on the wall. Removable TV plate designed for single-person installation which helps you to install this TV wall mount without any hassle.Friendly After-sales Service - our corner tv wall mount is constructed from high quality steel materials, we are so confident in the construction, strength and durability of this wall bracket that we are provide 5-year friendly customer service. Please feel free to contact us anytime, rain or shine:-)"
"YITAHOME Highboy Farmhouse Barn Door TV Stand for 65 Inch TV, Modern Entertainment Center for 300 lbs, Rustic TV Media Console Storage TV Cabinet for Living Room, Barnwood, 59.5‚Äù","MdfHIGHBOY STYLE & 2 TOP SHELVES -This TV cabinet is 15.7""D x 59""W x 30""H, 30"" in height, 4"" higher than other regular TV stand. Higher legs make us easy to clean the floor and 2 top shelves for more spaces, which fits 50/ 55/ 60/ 65 inch TVSTURDY FOR 300 LBS & SCRATCH-PROOF -We added 2 black supporting legs under the TV cabinet, this TVconsole works quite firmly and NOT wobbles at all once assembled. The cabinet top can hold up to 300 lbs. The farmhouse TV stand is made from well-done P2 MDF & strong metal with high-level wood grain, which is scratch-proof and water-resistantADJUSTABLE SHELF - This tv console features middle adjustable shelf that can be moved upward/downward for storing various items of 3 different heights, such as cable box, DVD players, game systems, and other electronics. 2 cord management ports are designed to keep cables tidyBARN STYLE - The double barn doors with X elements make YITAHOME console table a piece of farmhouse & decorative furniture or a storage cabinet in your kitchen, easily blending with other room decor. Ideal for cottage, modern or industrial-inspired home settingsSTRICT PACKAGE TESTING - Each TV stand with storage is strictly tested before delivery to ensure you get an intact package. All necessary accessories and detailed user manual are included, making installation easier. We will also timely give you a satisfying reply when you encounter any problems"
"JUMMICO Farmhouse TV Stand for 65 Inch TV, Mid Century Modern Entertainment Center with Sliding Barn Doors and Storage Cabinets, Metal Media TV Console Table for Living Room Bedroom (Rustic Oak)","[Farmhouse Style TV stand] This media console cabinet can be used as a TV stand to support flat screen TVs up to 65"", suitable for most home TV placement. If you like, it can also serve as a storage cabinet to show your family photos and potted plants.[Sliding Barn Doors] Two movable barn doors on the TV stand for convenient access to cabinets. Quality steel bar make doors slide smoothly, and no noise during movement. Two sliding barn door design to conceal side storage cabinets or center storage shelves.[Sturdy and Durable Structure] Made from high-grade certified manufactured wood frame. Made of high quality decorative laminate, the top board has good toughness and is difficult to deform. Feel assured to place your TV on this TV stand and enjoy your leisure time.[Sufficient Storage Space] This TV stand console comes with 2 cabinets of storage space and 2 open spaces in the barn doors on both sides with 3 levels of adjustable and removable shelves, providing abundant storage or display space for CDs, DVDs, game boxes, decorative items and more. The spacious tabletop supports 40, 43, 50, 55, 60, and 65 inch TV.[Relieved by Easy Assembly] This TV console table comes with numbered parts and clear instructions, you can quickly install the TV stand in little time. If you are in contact with the TV cabinet for the first time, it is recommended that two people assemble it correctly."
"USX MOUNT Full Motion TV Wall Mount for Most 47-84 inch Flat Screen/LED/4K TV, Mount Bracket Dual Swivel Articulating Tilt 6 Arms, Max VESA 600x400mm, Holds up to 132lbs, Fits 8‚Äù 12‚Äù 16"" Wood Studs","UNIVERSAL DESIGN: This full motion TV mount fits for most of 47-84inch TVs up to 132lbs with VESA size 200*100mm to 600*400mm available and max 16"" Wood Stud space.ADJUSTABLE VIEW COMFORTABLE This TV bracket with dual articulating arms includes +5¬∞ /-15¬∞ tilt, ¬±45¬∞swivel( maximum swivel angle depends on your TV), +/-3¬∞ post-installation adjustment allows the perfect TV leveling. All these will make your TV flexibility and better view based on your seat in the room.EASY TO INSTALLATION Easy installation with detailed instruction and all included hardware in pre-labeled bags(Remarks can help you distinguish which screw you should use). Warm tips: In order to avoid customer misusing concrete anchors onto wood studs or drywall directly causing any safety issues, we removed concrete anchors from our package. If you need 10X50mm concrete anchors , please contact us to get it which be sent from USA.SAVING SPACE This full motion TV wall bracket can pull out to 16.49 and retract back to 2.40‚Äù, which save some valuable space for you and make your house look neat and Max weight 132lbs.PRODUCT INCLUDES Comes with bubble level, 3 pieces pack of cable ties and all standard mounting hardware, 10-year friendly US-based customer service."
Newest Universal Remote Control for All Samsung TV Replacement for All LCD LED HDTV 3D Smart Samsung TVs Remote,"1. Universal infrared remote desgined.It is compatible with most of new and old Samsung TVs. Support 2K 4K UHD LED LCD HDTV,3D,Smart TV. Especially for Samsung remote Model:BN59-01199F,AA59-00666A,AA59-00741A. including smart hub buttons.2.Farther transmitting distance, stable performance. Replaces your damage or old one and covers the all functions of the original remote.3.Simple universal remoteÔºåsmall and compact size makes this remote control easy to grip and uneasy to slip. Easy to use, No programming or setting up required.4.This Universal Remote Control uses two AAA batteries(Batteries are not included). Please put new batteries inside.5.We provide 60 days warranty( return or exchange freely). If you have any questions please fell free to contact us and we will get back to you at the first time."
"Sony S100F 2.0ch Soundbar with Bass Reflex Speaker, Integrated Tweeter and Bluetooth, (HTS100F), easy setup, compact, home office use with clear sound black","Straight from the theater to your home: easy set-up, built-in tweeter, 2-ch speaker with simple Bluetooth connectionDeep sound with Bass Reflex speakerHigh power with a slim design that matches any room and is perfect for small living spacesVoice enhancement feature is great for TV content with hushed dialogue, or to make conference call participants easier to hearEasy TV set up with HDMI ARCHear sound come from all around you with S-Force Pro Front SurroundIn the box: Remote Commander (RMT-AH411U), Batteries for remote commander, Cable (Optical Cable, AC Cord), Wall Mount Template, Warranty Card, Quick Setup Guide, Instruction ManualWall-mountable"
"TV Antenna Indoor, HD Antenna for Smart TV and All TV,TV Antenna for Local Channels,Support 4K 1080p with Signal Booster Antenna TV Digital HD Indoor & Outdoor- 16FT Coax HDTV Cable","üî•„ÄêTV antenna for Smart TV Indoor -Lots of Free Programs„ÄëThis amplified digital antenna can receive hundreds of HD TV channels, including ABC, CBS, NBC, PBS, FOX, Univision, etc. You can watch news/sports/TV series/movies, you can always find your favorite programs; compared to network TV and traditional cable TV, all the programs are free, so you don't have to pay a huge fee for watching TV.üî•„ÄêHD Antenna For TV-360¬∞ Signal Reception„ÄëOur smart tv antenna adopts upgraded Smart IC Chip, Smart IC chip can receive signals 360¬∞ and filter out cellular and FM signals Ôºå receives TV broadcasts including 4K, UHD and 1080 HDTV for highest-quality picture and sound.Compared to other products that can only receive signals in one direction, this antenna is more convenient and effective in use.üî•„Äê16ft Digital Coax Cable-Farther and stronger„ÄëThe length of the coaxial cable is important, compared to other products on the marketÔºåThis antenna ultra-long high-performance coaxial cable ensures that the Antenna can be placed anywhere indoors or outdoors to obtain the best signal and strongest reception.üî•„ÄêTV Antenna for Local Channels „Äë Suitable for indoor , you can be sure of strong signal strength. And you can use the antenna in bedroom, living room, game room ,trailer truck, RV, or tent.Please try to place the antenna in an open area so that it can receive more TV channels.üî•„ÄêNote„Äë: If you can't search channels or only have few channels, please change antenna position and search again.Always remember to rescan the channel after moving the antenna."
"Universal TV Stand - Table Top TV Stand for 27-60 inch LCD LED TVs - 9 Level Height Adjustable TV Base Stand with Tempered Glass Base & Wire Management, VESA 400x400mm","„ÄêSMART DESIGN„Äë Universal TV mounting bracket design fits most 27"" - 60"" flat-panel LCD/LED/Plasma TVs up to 88lbs, VESA(mounting hole pattern) - compatible faceplate fits VESA 100X100mm (4‚Äùx4‚Äù) 200X100mm (8""x4"") 200X200mm(8""x8"") 300X200mm (12""x8"") 300X300mm (12""x12"") 400X300mm (16""x12"") 400X400mm (16""x16"")„ÄêHEAVY DUTY TV STAND WITH EASY ASSEMBLY„Äë My intelligent stand can be installed within 15 minutes according to a detailed instruction manual, the tools and television screws includedFUNCTIONAL TV STAND WITH HEIGHT ADJUSTABLE AND CABLE MANAGEMENT ‚òû My functional TV mount have 4 level height adjustment in order to choose your best space, besides integrated cable pass through port and collect the messy cables allows you to tidy your room clean„ÄêDURABILITY & SAFETY„Äë Our TV mounting bracket is compatible with Samsung, Sony, LG, Sharp, Insignia, Vizio, Haier, Toshiba, Sharp, Element, and TCL. Black tempered glass gives an added touch to your home theater system while providing security and stability when mounting your devices„ÄêWORLD-CLASS CUSTOMER SERVICE„ÄëOur TV stand includes friendly customer service. We provide Standard mounting hardware to make installation as easy and convenient as possible, if you have any problem please feel free to contact us"
